<?xml version="1.0" encoding="UTF-8"?>
<COMPONENT> 
 <HEADER AUTHOR="Talend" 
   COMPATIBILITY="ALL" 
   PLATEFORM="ALL" 
   RELEASE_DATE="20110907A" 
   SERIAL="" 
   STARTABLE="false"
   HAS_CONDITIONAL_OUTPUTS="true"
   DATA_AUTO_PROPAGATE="false"
   SCHEMA_AUTO_PROPAGATE="false"
   STATUS="ALPHA" 
   VERSION="0.1"> 
   <SIGNATURE/> 
  </HEADER> 
 <FAMILIES> 
  <FAMILY>Drools</FAMILY>
 </FAMILIES> 
 <DOCUMENTATION>
		<URL />
	</DOCUMENTATION>
  <CONNECTORS> 
    <CONNECTOR CTYPE="FLOW" MAX_OUTPUT="1" MAX_INPUT="1" />
   <!--  <CONNECTOR NAME="FILTER" CTYPE="FLOW" MAX_OUTPUT="1" COLOR="086438" BASE_SCHEMA="FLOW" /> --> 
    <CONNECTOR NAME="REJECT" CTYPE="FLOW" MAX_OUTPUT="1" LINE_STYLE="2" COLOR="f36300" BASE_SCHEMA="FLOW" />
    <CONNECTOR CTYPE="ITERATE" MAX_OUTPUT="0" MAX_INPUT="0" />
    <CONNECTOR CTYPE="SUBJOB_OK" MAX_INPUT="1" />
    <CONNECTOR CTYPE="COMPONENT_OK" />
    <CONNECTOR CTYPE="COMPONENT_ERROR" />
    <CONNECTOR CTYPE="RUN_IF" />
  </CONNECTORS> 
  <PARAMETERS>
  <PARAMETER NAME="DRLFILE" FIELD="FILE" REQUIRED="true" NUM_ROW ="2">
             <DEFAULT>"C:\apps\workspace\Iteration14_I\Recon\src\resource\com\citi\icg\recon\client\data\fileconfig\Column.drl"</DEFAULT>
   </PARAMETER>
   
   <PARAMETER NAME="RULETYPE" FIELD="CLOSED_LIST" NUM_ROW="4">
	      <ITEMS DEFAULT="DROOLS">
	        <ITEM NAME="DROOLS" VALUE="drools" />
	        <ITEM NAME="REGEX" VALUE="regex"/>
	      </ITEMS>
  </PARAMETER>
   <PARAMETER NAME="GWTCRITERION" FIELD="MEMO"  NUM_ROW="5"  NB_LINES="10" />
   <PARAMETER NAME="DIE_ON_ERROR" FIELD="CHECK" NUM_ROW="6">
			<DEFAULT>false</DEFAULT>
		</PARAMETER>
   <PARAMETER NAME="SCHEMA" FIELD="SCHEMA_TYPE" REQUIRED="true" NUM_ROW="1" READONLY="true"/>
  <!--  <PARAMETER NAME="SCHEMA_FILTER" FIELD="SCHEMA_TYPE" NUM_ROW="1"	CONTEXT="FILTER" /> -->
   <PARAMETER NAME="SCHEMA_REJECT" FIELD="SCHEMA_TYPE" NUM_ROW="1"	CONTEXT="REJECT" />
   </PARAMETERS>
  <ADVANCED_PARAMETERS>
  </ADVANCED_PARAMETERS>
  <CODEGENERATION>
   <IMPORTS>
    <IMPORT NAME="antlr"
  	    MODULE="antlr-3.3.jar" REQUIRED="true" />
  	<IMPORT NAME="bsh"
  	    MODULE="bsh-2.0b4.jar" REQUIRED="true" />
  	<IMPORT NAME="recon-dataquality-services"
  	    MODULE="recon-dataquality-services.jar" REQUIRED="true" />
    <IMPORT NAME="antlr-runtime" 
            MODULE="antlr-runtime-3.3.jar" REQUIRED="true" />
    <IMPORT NAME="commonscollections"
      	    MODULE="commons-collections-3.1.jar" REQUIRED="true" />
   <!--   <IMPORT NAME="dom4j" 
            MODULE="dom4j-1.6.1.jar" REQUIRED="true" />-->
    <IMPORT NAME="droolscompiler"
  	    MODULE="drools-compiler-5.3.0.Final.jar" REQUIRED="true" />
    <IMPORT NAME="droolscore" 
            MODULE="drools-core-5.3.0.Final.jar" REQUIRED="true" />
    <IMPORT NAME="ejbpersistence"
      	    MODULE="ejb3-persistence.jar" REQUIRED="true" />
    <IMPORT NAME="hibernateannotations" 
            MODULE="hibernate-annotations.jar" REQUIRED="true" />
    <IMPORT NAME="hibernatecommons"
  	    MODULE="hibernate-commons-annotations.jar" REQUIRED="true" />
    <IMPORT NAME="hibernate" 
            MODULE="hibernate3.jar" REQUIRED="true" />
    <IMPORT NAME="itext"
      	    MODULE="itext-2.1.2.jar" REQUIRED="true" />
    <IMPORT NAME="jta" 
            MODULE="jta-1.1.jar" REQUIRED="true" />
    <IMPORT NAME="knowledgeapi"
  	    MODULE="knowledge-api-5.3.0.Final.jar" REQUIRED="true" />
    <IMPORT NAME="log4j" 
            MODULE="log4j-1.2.14.jar" REQUIRED="true" />
    <IMPORT NAME="mvel2"
      	    MODULE="mvel2-2.1.0.drools4.jar" REQUIRED="true" />
    <IMPORT NAME="sl4j" 
            MODULE="slf4j-api-1.6.0.jar" REQUIRED="true" />  
    <IMPORT NAME="xtream"
  	    MODULE="xstream-1.4.1.jar" REQUIRED="true" />
  	<IMPORT NAME="xpp3"
  	    MODULE="xpp3-1.1.3.4.H.jar" REQUIRED="true" />
    <IMPORT NAME="recondrools"
  	    MODULE="recondrools.jar" REQUIRED="true" />  
    <IMPORT NAME="eclipsejdtcore"
  	    MODULE="org.eclipse.jdt.core_3.5.2.v_981_R35x.jar" REQUIRED="true" />  
   </IMPORTS>
  </CODEGENERATION>
   <RETURNS>
    	<RETURN NAME="NB_LINE" TYPE="id_Integer" AVAILABILITY="AFTER"/>
    	<RETURN NAME="NB_LINE_OK" TYPE="id_Integer"	AVAILABILITY="AFTER"/>
    	<RETURN NAME="NB_LINE_REJECT" TYPE="id_Integer"	AVAILABILITY="AFTER"/>
  </RETURNS>
 </COMPONENT>